{

"vertices": [-3.09086e-005,707.107,-707.107,-270.598,707.107,-653.281,-500.0,707.107,-500.0,-653.281,707.107,-270.598,-707.107,707.107,-0.00010677,-653.281,707.107,270.598,-500.0,707.107,500.0,-270.598,707.107,653.281,8.43216e-006,707.107,707.107,270.598,707.107,653.281,500.0,707.107,500.0,653.282,707.107,270.598,707.107,707.107,-0.000460809,653.281,707.107,-270.599,500.0,707.107,-500.0,270.597,707.107,-653.282,-4.03841e-005,382.683,-923.88,-353.553,382.683,-853.553,-653.281,382.683,-653.281,-853.553,382.683,-353.553,-923.88,382.683,-0.000139502,-853.553,382.683,353.553,-653.282,382.683,653.281,-353.554,382.683,853.553,1.10172e-005,382.683,923.88,353.554,382.683,853.553,653.282,382.683,653.281,853.554,382.683,353.553,923.88,382.683,-0.000602076,853.553,382.683,-353.554,653.281,382.683,-653.282,353.552,382.683,-853.554,-4.37114e-005,-4.37114e-005,-1000.0,-382.684,-4.37114e-005,-923.88,-707.107,-4.37114e-005,-707.107,-923.88,-4.37114e-005,-382.683,-1000.0,-4.37114e-005,-0.000150996,-923.88,-4.37114e-005,382.683,-707.107,-4.37114e-005,707.107,-382.684,-4.37114e-005,923.88,1.19249e-005,-4.37114e-005,1000.0,382.684,-4.37114e-005,923.879,707.107,-4.37114e-005,707.107,923.88,-4.37114e-005,382.683,1000.0,-4.37114e-005,-0.000651683,923.879,-4.37114e-005,-382.684,707.106,-4.37114e-005,-707.107,382.682,-4.37114e-005,-923.88,-4.03841e-005,-382.684,-923.88,-353.553,-382.684,-853.553,-653.281,-382.684,-653.281,-853.553,-382.684,-353.553,-923.88,-382.684,-0.000139502,-853.553,-382.684,353.553,-653.282,-382.684,653.281,-353.554,-382.684,853.553,1.10172e-005,-382.684,923.88,353.554,-382.684,853.553,653.282,-382.684,653.281,853.554,-382.684,353.553,923.88,-382.684,-0.000602076,853.553,-382.684,-353.554,653.281,-382.684,-653.282,353.552,-382.684,-853.554,-3.09086e-005,-707.107,-707.107,-270.598,-707.107,-653.281,-500.0,-707.107,-500.0,-653.281,-707.107,-270.598,-707.107,-707.107,-0.00010677,-653.281,-707.107,270.598,-500.0,-707.107,500.0,-270.598,-707.107,653.281,8.43216e-006,-707.107,707.107,270.598,-707.107,653.281,500.0,-707.107,500.0,653.282,-707.107,270.598,707.107,-707.107,-0.000460809,653.281,-707.107,-270.599,500.0,-707.107,-500.0,270.597,-707.107,-653.282],

"normals": [0.163173,-0.548124,0.820326,0.163173,-0.548124,0.820326,0.464677,-0.548124,0.695439,0.464677,-0.548124,0.695439,0.695439,-0.548124,0.464677,0.695439,-0.548124,0.464677,0.820326,-0.548124,0.163173,0.820326,-0.548124,0.163173,0.820326,-0.548124,-0.163173,0.820326,-0.548124,-0.163173,0.695439,-0.548124,-0.464677,0.695439,-0.548124,-0.464677,0.464677,-0.548124,-0.695439,0.464677,-0.548124,-0.695439,0.163173,-0.548124,-0.820326,0.163173,-0.548124,-0.820326,-0.163173,-0.548124,-0.820326,-0.163173,-0.548124,-0.820326,-0.464677,-0.548124,-0.695439,-0.464677,-0.548124,-0.695439,-0.695439,-0.548124,-0.464677,-0.695439,-0.548124,-0.464677,-0.820326,-0.548124,-0.163172,-0.820326,-0.548124,-0.163172,-0.820326,-0.548124,0.163173,-0.820326,-0.548124,0.163174,-0.695438,-0.548124,0.464678,-0.695438,-0.548124,0.464678,-0.464676,-0.548124,0.695439,-0.464676,-0.548124,0.695439,-0.163172,-0.548124,0.820326,-0.163172,-0.548124,0.820326,0.191481,-0.191481,0.962637,0.19148,-0.19148,0.962637,0.54529,-0.191481,0.816084,0.54529,-0.19148,0.816084,0.816084,-0.19148,0.54529,0.816084,-0.191481,0.54529,0.962637,-0.19148,0.191481,0.962637,-0.191481,0.191481,0.962637,-0.19148,-0.19148,0.962637,-0.19148,-0.19148,0.816085,-0.19148,-0.54529,0.816085,-0.19148,-0.54529,0.54529,-0.19148,-0.816084,0.54529,-0.19148,-0.816084,0.19148,-0.19148,-0.962637,0.19148,-0.191481,-0.962637,-0.191481,-0.191481,-0.962637,-0.191481,-0.19148,-0.962637,-0.54529,-0.19148,-0.816084,-0.54529,-0.19148,-0.816084,-0.816085,-0.19148,-0.54529,-0.816085,-0.19148,-0.54529,-0.962637,-0.19148,-0.19148,-0.962637,-0.19148,-0.19148,-0.962637,-0.19148,0.191481,-0.962637,-0.19148,0.191481,-0.816084,-0.19148,0.545291,-0.816084,-0.19148,0.545291,-0.545289,-0.191481,0.816085,-0.545289,-0.191481,0.816085,-0.19148,-0.19148,0.962637,-0.19148,-0.191481,0.962637,0.19148,0.191481,0.962637,0.191481,0.19148,0.962637,0.54529,0.191481,0.816084,0.54529,0.19148,0.816084,0.816084,0.19148,0.54529,0.816084,0.191481,0.54529,0.962637,0.19148,0.191481,0.962637,0.19148,0.191481,0.962637,0.19148,-0.19148,0.962637,0.19148,-0.19148,0.816085,0.19148,-0.54529,0.816085,0.19148,-0.54529,0.54529,0.19148,-0.816084,0.54529,0.19148,-0.816084,0.19148,0.19148,-0.962637,0.19148,0.191481,-0.962637,-0.191481,0.191481,-0.962637,-0.191481,0.19148,-0.962637,-0.54529,0.19148,-0.816084,-0.54529,0.19148,-0.816084,-0.816085,0.19148,-0.54529,-0.816085,0.19148,-0.54529,-0.962637,0.19148,-0.19148,-0.962637,0.19148,-0.19148,-0.962637,0.19148,0.191481,-0.962637,0.19148,0.191481,-0.816084,0.19148,0.545291,-0.816084,0.19148,0.545291,-0.545289,0.191481,0.816085,-0.545289,0.191481,0.816085,-0.19148,0.191481,0.962637,-0.19148,0.191481,0.962637,0.163173,0.548124,0.820326,0.163173,0.548124,0.820326,0.464677,0.548124,0.695439,0.464677,0.548124,0.695439,0.695439,0.548124,0.464677,0.695439,0.548124,0.464677,0.820326,0.548124,0.163173,0.820326,0.548124,0.163173,0.820326,0.548124,-0.163173,0.820326,0.548124,-0.163173,0.695439,0.548124,-0.464677,0.695439,0.548124,-0.464677,0.464677,0.548124,-0.695439,0.464677,0.548124,-0.695439,0.163173,0.548124,-0.820326,0.163173,0.548124,-0.820326,-0.163173,0.548124,-0.820326,-0.163173,0.548124,-0.820326,-0.464677,0.548124,-0.695438,-0.464677,0.548124,-0.695438,-0.695439,0.548124,-0.464677,-0.695439,0.548124,-0.464677,-0.820326,0.548124,-0.163172,-0.820326,0.548124,-0.163172,-0.820326,0.548124,0.163174,-0.820326,0.548124,0.163173,-0.695438,0.548124,0.464678,-0.695438,0.548124,0.464678,-0.464676,0.548124,0.695439,-0.464676,0.548124,0.695439,-0.163172,0.548124,0.820326,-0.163172,0.548124,0.820326],

"uvs": [[3.0,1.5,0.1875,1.5,0.375,1.5,0.5625,1.5,0.75,1.5,0.9375,1.5,1.125,1.5,1.3125,1.5,1.5,1.5,1.6875,1.5,1.875,1.5,2.0625,1.5,2.25,1.5,2.4375,1.5,2.625,1.5,2.8125,1.5,3.0,1.25,0.1875,1.25,0.375,1.25,0.5625,1.25,0.75,1.25,0.9375,1.25,1.125,1.25,1.3125,1.25,1.5,1.25,1.6875,1.25,1.875,1.25,2.0625,1.25,2.25,1.25,2.4375,1.25,2.625,1.25,2.8125,1.25,3.0,1.0,0.1875,1.0,0.375,1.0,0.5625,1.0,0.75,1.0,0.9375,1.0,1.125,1.0,1.3125,1.0,1.5,1.0,1.6875,1.0,1.875,1.0,2.0625,1.0,2.25,1.0,2.4375,1.0,2.625,1.0,2.8125,1.0,3.0,0.75,0.1875,0.75,0.375,0.75,0.5625,0.75,0.75,0.75,0.9375,0.75,1.125,0.75,1.3125,0.75,1.5,0.75,1.6875,0.75,1.875,0.75,2.0625,0.75,2.25,0.75,2.4375,0.75,2.625,0.75,2.8125,0.75,3.0,0.5,0.1875,0.5,0.375,0.5,0.5625,0.5,0.75,0.5,0.9375,0.5,1.125,0.5,1.3125,0.5,1.5,0.5,1.6875,0.5,1.875,0.5,2.0625,0.5,2.25,0.5,2.4375,0.5,2.625,0.5,2.8125,0.5,-1.78814e-007,1.25,-1.78814e-007,1.5,-1.78814e-007,1.0,-1.78814e-007,1.25,-1.78814e-007,0.75,-1.78814e-007,1.0,-1.78814e-007,0.5,-1.78814e-007,0.75]],